{"stats":{"minecraft:picked_up":{"minecraft:redstone":8},"minecraft:used":{"minecraft:redstone_torch":369,"minecraft:glass":8,"minecraft:yellow_concrete":515,"minecraft:gray_concrete":695,"minecraft:repeater":83,"minecraft:light_blue_wool":1,"minecraft:redstone":1024},"minecraft:custom":{"minecraft:jump":192,"minecraft:time_since_rest":172174,"minecraft:crouch_one_cm":3686,"minecraft:leave_game":12,"minecraft:play_time":172174,"minecraft:sprint_one_cm":7341,"minecraft:time_since_death":172174,"minecraft:walk_one_cm":37609,"minecraft:sneak_time":5472,"minecraft:total_world_time":240481,"minecraft:fly_one_cm":1829495}},"DataVersion":3700}