{"stats":{"minecraft:picked_up":{"minecraft:redstone":6},"minecraft:used":{"minecraft:redstone_torch":31,"minecraft:blue_wool":33,"minecraft:redstone":4},"minecraft:custom":{"minecraft:jump":283,"minecraft:time_since_rest":25887,"minecraft:leave_game":1,"minecraft:crouch_one_cm":3266,"minecraft:sprint_one_cm":19130,"minecraft:play_time":25887,"minecraft:time_since_death":25887,"minecraft:walk_one_cm":14993,"minecraft:sneak_time":2590,"minecraft:total_world_time":25887,"minecraft:fly_one_cm":367066}},"DataVersion":3700}