{"stats":{"minecraft:picked_up":{"minecraft:repeater":3,"minecraft:lever":2,"minecraft:comparator":1,"minecraft:redstone_torch":6,"minecraft:written_book":26,"minecraft:redstone":74},"minecraft:used":{"minecraft:redstone_torch":79,"minecraft:glass":57,"minecraft:lever":48,"minecraft:trident":18,"minecraft:black_wool":2,"minecraft:repeater":63,"minecraft:redstone_lamp":3,"minecraft:comparator":24,"minecraft:orange_concrete":2,"minecraft:written_book":11,"minecraft:redstone":887,"minecraft:cobblestone_wall":1,"minecraft:blue_wool":732,"minecraft:redstone_block":7,"minecraft:orange_terracotta":1},"minecraft:custom":{"minecraft:time_since_rest":270258,"minecraft:open_chest":6,"minecraft:crouch_one_cm":664,"minecraft:sprint_one_cm":1733,"minecraft:play_time":270258,"minecraft:walk_one_cm":43194,"minecraft:sneak_time":4196,"minecraft:jump":94,"minecraft:leave_game":2,"minecraft:time_since_death":270258,"minecraft:total_world_time":270258,"minecraft:fly_one_cm":1497069}},"DataVersion":3700}