{"stats":{"minecraft:picked_up":{"minecraft:blue_wool":1,"minecraft:lever":1,"minecraft:redstone_torch":3,"minecraft:redstone":137},"minecraft:used":{"minecraft:light_gray_wool":1,"minecraft:glass":22,"minecraft:lever":2,"minecraft:trident":5,"minecraft:black_wool":2,"minecraft:repeater":150,"minecraft:redstone_lamp":5,"minecraft:firework_rocket":1228,"minecraft:light_gray_stained_glass":69,"minecraft:comparator":44,"minecraft:orange_concrete":469,"minecraft:written_book":1,"minecraft:redstone":1409,"minecraft:gold_block":26,"minecraft:elytra":1,"minecraft:blue_wool":1110,"minecraft:oak_sign":20,"minecraft:ender_pearl":2,"minecraft:spruce_sign":4,"minecraft:glow_ink_sac":18,"minecraft:redstone_torch":129},"minecraft:custom":{"minecraft:time_since_rest":349611,"minecraft:open_chest":7,"minecraft:crouch_one_cm":9372,"minecraft:sprint_one_cm":11606,"minecraft:play_time":349611,"minecraft:walk_one_cm":70677,"minecraft:sneak_time":15330,"minecraft:drop":3,"minecraft:interact_with_lectern":1,"minecraft:aviate_one_cm":2743318,"minecraft:jump":205,"minecraft:leave_game":9,"minecraft:time_since_death":349611,"minecraft:total_world_time":349611,"minecraft:fly_one_cm":2056153},"minecraft:dropped":{"minecraft:light_gray_wool":1,"minecraft:glass":1,"minecraft:blue_wool":1}},"DataVersion":3700}