{"stats":{"minecraft:picked_up":{"minecraft:redstone_block":64,"minecraft:repeater":1,"minecraft:redstone_torch":2,"minecraft:redstone":94},"minecraft:used":{"minecraft:yellow_wool":24,"minecraft:redstone_torch":217,"minecraft:oak_log":58,"minecraft:oak_door":2,"minecraft:lever":3,"minecraft:repeater":77,"minecraft:redstone_lamp":3,"minecraft:target":2,"minecraft:comparator":1,"minecraft:orange_concrete":1157,"minecraft:written_book":1,"minecraft:oak_stairs":62,"minecraft:redstone":369,"minecraft:oak_planks":393,"minecraft:oak_sign":19,"minecraft:chest":7,"minecraft:white_concrete":2,"minecraft:gray_concrete":7,"minecraft:brown_bed":9},"minecraft:custom":{"minecraft:time_since_rest":263674,"minecraft:crouch_one_cm":17236,"minecraft:sprint_one_cm":127017,"minecraft:play_time":264657,"minecraft:deaths":1,"minecraft:walk_one_cm":115319,"minecraft:sneak_time":10482,"minecraft:drop":2,"minecraft:interact_with_lectern":2,"minecraft:jump":1467,"minecraft:leave_game":2,"minecraft:time_since_death":263642,"minecraft:total_world_time":264657,"minecraft:fly_one_cm":2327073,"minecraft:open_chest":1},"minecraft:dropped":{"minecraft:redstone_block":64,"minecraft:orange_concrete":1}},"DataVersion":3700}